[
  {
    "id": "81dfc044-4108-4530-bf20-faea3f821e52",
    "data": [
      {
        "text": "i would like to cancel my order for 2 portions of rice and 2 bottles of fanta",
        "userDefined": false
      }
    ],
    "isTemplate": false,
    "count": 0,
    "lang": "en",
    "updated": 0
  },
  {
    "id": "ea2d76a5-4663-4098-9064-d373c8ec5ae1",
    "data": [
      {
        "text": "i would like to cancel my order for ",
        "userDefined": false
      },
      {
        "text": "2",
        "meta": "@sys.number",
        "alias": "number",
        "userDefined": false
      },
      {
        "text": " portions of ",
        "userDefined": false
      },
      {
        "text": "rice",
        "meta": "@dish",
        "alias": "dish",
        "userDefined": true
      },
      {
        "text": " and ",
        "userDefined": false
      },
      {
        "text": "2",
        "meta": "@sys.number",
        "alias": "number1",
        "userDefined": false
      },
      {
        "text": " bottles of ",
        "userDefined": false
      },
      {
        "text": "fanta",
        "meta": "@beverage-soft-drinks",
        "alias": "beverage-soft-drinks",
        "userDefined": false
      }
    ],
    "isTemplate": false,
    "count": 0,
    "lang": "en",
    "updated": 0
  },
  {
    "id": "042a9317-de0b-4646-bdab-9db94c526bcd",
    "data": [
      {
        "text": "can i cancel my order ?",
        "userDefined": false
      }
    ],
    "isTemplate": false,
    "count": 0,
    "lang": "en",
    "updated": 0
  },
  {
    "id": "3ae43e90-5be8-4030-92dd-89fcdf2e746b",
    "data": [
      {
        "text": "i would like to cancel an order",
        "userDefined": false
      }
    ],
    "isTemplate": false,
    "count": 0,
    "lang": "en",
    "updated": 0
  }
]