[
  {
    "id": "0d417f6a-0c20-4060-9e59-945d4b1c4c9f",
    "data": [
      {
        "text": "view my order",
        "userDefined": false
      }
    ],
    "isTemplate": false,
    "count": 0,
    "lang": "en",
    "updated": 0
  },
  {
    "id": "bc07e02f-ea4d-43b7-bd45-f3fdab1dad25",
    "data": [
      {
        "text": "show my order",
        "userDefined": false
      }
    ],
    "isTemplate": false,
    "count": 0,
    "lang": "en",
    "updated": 0
  },
  {
    "id": "144d649c-c4fa-4ade-b671-79443f07ee35",
    "data": [
      {
        "text": "what do i have so far",
        "userDefined": false
      }
    ],
    "isTemplate": false,
    "count": 0,
    "lang": "en",
    "updated": 0
  },
  {
    "id": "fc0911e4-8173-40c4-a633-c76b72b5be97",
    "data": [
      {
        "text": "i would like to view my order",
        "userDefined": false
      }
    ],
    "isTemplate": false,
    "count": 0,
    "lang": "en",
    "updated": 0
  },
  {
    "id": "6a8ee87d-2124-4b39-809f-cb689ba6deaa",
    "data": [
      {
        "text": "i would like to view ",
        "userDefined": false
      },
      {
        "text": "3",
        "meta": "@sys.number",
        "alias": "number",
        "userDefined": false
      },
      {
        "text": " portions of ",
        "userDefined": false
      },
      {
        "text": "saute irish potatoes",
        "meta": "@dish",
        "alias": "dish",
        "userDefined": true
      }
    ],
    "isTemplate": false,
    "count": 0,
    "lang": "en",
    "updated": 0
  },
  {
    "id": "168c42c0-20dc-425b-8479-3f50d78d54f6",
    "data": [
      {
        "text": "view ",
        "userDefined": false
      },
      {
        "text": "2",
        "meta": "@sys.number",
        "alias": "number",
        "userDefined": false
      },
      {
        "text": " burritos and four ",
        "userDefined": false
      },
      {
        "text": "Fish Chips",
        "meta": "@dish",
        "alias": "dish",
        "userDefined": true
      },
      {
        "text": " with ",
        "userDefined": false
      },
      {
        "text": "2",
        "meta": "@sys.number",
        "alias": "number1",
        "userDefined": false
      },
      {
        "text": " bottles of ",
        "userDefined": false
      },
      {
        "text": "Fruit juice",
        "meta": "@beverage-soft-drinks",
        "alias": "beverage-soft-drinks",
        "userDefined": true
      }
    ],
    "isTemplate": false,
    "count": 0,
    "lang": "en",
    "updated": 0
  },
  {
    "id": "1bc1cdc1-a0c9-4761-9fbe-1406b79a127d",
    "data": [
      {
        "text": "view ",
        "userDefined": false
      },
      {
        "text": "2",
        "meta": "@sys.number",
        "alias": "number",
        "userDefined": true
      },
      {
        "text": " ",
        "userDefined": false
      },
      {
        "text": "burritos",
        "meta": "@dish",
        "alias": "dish",
        "userDefined": true
      },
      {
        "text": " and ",
        "userDefined": false
      },
      {
        "text": "four",
        "meta": "@sys.number",
        "alias": "number",
        "userDefined": false
      },
      {
        "text": " ",
        "userDefined": false
      },
      {
        "text": "Carne asada",
        "meta": "@dish",
        "alias": "dish",
        "userDefined": true
      },
      {
        "text": " with ",
        "userDefined": false
      },
      {
        "text": "2",
        "meta": "@sys.number",
        "alias": "number1",
        "userDefined": false
      },
      {
        "text": " bottles of ",
        "userDefined": false
      },
      {
        "text": "green tea",
        "meta": "@beverage-soft-drinks",
        "alias": "beverage-soft-drinks",
        "userDefined": true
      }
    ],
    "isTemplate": false,
    "count": 0,
    "lang": "en",
    "updated": 0
  },
  {
    "id": "fad09a37-1821-4e72-a705-8e96b0639425",
    "data": [
      {
        "text": "view ",
        "userDefined": false
      },
      {
        "text": "beans",
        "meta": "@dish",
        "alias": "dish",
        "userDefined": true
      },
      {
        "text": " and ",
        "userDefined": false
      },
      {
        "text": "fanta",
        "meta": "@beverage-soft-drinks",
        "alias": "beverage-soft-drinks",
        "userDefined": false
      }
    ],
    "isTemplate": false,
    "count": 0,
    "lang": "en",
    "updated": 0
  },
  {
    "id": "1c8d1872-4db2-43a2-8a6b-63378f70c24e",
    "data": [
      {
        "text": "view order",
        "userDefined": false
      }
    ],
    "isTemplate": false,
    "count": 0,
    "lang": "en",
    "updated": 0
  },
  {
    "id": "e216ab9d-778a-452e-b0f3-1760480ef4a2",
    "data": [
      {
        "text": "view",
        "userDefined": false
      }
    ],
    "isTemplate": false,
    "count": 1,
    "lang": "en",
    "updated": 0
  }
]