[
  {
    "id": "20efd068-cad4-4f4b-adfc-e81ec4f12993",
    "data": [
      {
        "text": "i would like to remove an item from my order",
        "userDefined": false
      }
    ],
    "isTemplate": false,
    "count": 0,
    "lang": "en",
    "updated": 0
  },
  {
    "id": "c753610c-f8d4-4c5b-b248-85f9c31c764b",
    "data": [
      {
        "text": "i would like to remove ",
        "userDefined": false
      },
      {
        "text": "1",
        "meta": "@sys.number",
        "alias": "number1",
        "userDefined": false
      },
      {
        "text": " ",
        "userDefined": false
      },
      {
        "text": "fanta",
        "meta": "@beverage-soft-drinks",
        "alias": "beverage-soft-drinks",
        "userDefined": false
      },
      {
        "text": " please",
        "userDefined": false
      }
    ],
    "isTemplate": false,
    "count": 0,
    "lang": "en",
    "updated": 0
  },
  {
    "id": "1c78b4cb-1c64-4af8-8287-74546d7e4afc",
    "data": [
      {
        "text": "can i remove ",
        "userDefined": false
      },
      {
        "text": "one",
        "meta": "@sys.number",
        "alias": "number",
        "userDefined": false
      },
      {
        "text": " ",
        "userDefined": false
      },
      {
        "text": "portion",
        "meta": "@sys.ignore",
        "userDefined": false
      },
      {
        "text": " of ",
        "userDefined": false
      },
      {
        "text": "rice",
        "meta": "@dish",
        "alias": "dish",
        "userDefined": true
      }
    ],
    "isTemplate": false,
    "count": 0,
    "lang": "en",
    "updated": 0
  },
  {
    "id": "b36ac620-021a-4fbf-ae03-fabec4ba002d",
    "data": [
      {
        "text": "can i remove ",
        "userDefined": false
      },
      {
        "text": "2",
        "meta": "@sys.number",
        "alias": "number",
        "userDefined": false
      },
      {
        "text": " ",
        "userDefined": false
      },
      {
        "text": "burgers",
        "meta": "@dish",
        "alias": "dish",
        "userDefined": false
      },
      {
        "text": " please",
        "userDefined": false
      }
    ],
    "isTemplate": false,
    "count": 0,
    "lang": "en",
    "updated": 0
  },
  {
    "id": "e1a7c5c4-34dc-4760-9fa3-20646bf4d442",
    "data": [
      {
        "text": "can i remove the ",
        "userDefined": false
      },
      {
        "text": "egg",
        "meta": "@dish",
        "alias": "dish",
        "userDefined": false
      },
      {
        "text": " and ",
        "userDefined": false
      },
      {
        "text": "beans",
        "meta": "@dish",
        "alias": "dish",
        "userDefined": false
      },
      {
        "text": " please",
        "userDefined": false
      }
    ],
    "isTemplate": false,
    "count": 0,
    "lang": "en",
    "updated": 0
  },
  {
    "id": "1814194b-1326-475d-810c-d4eacdae6bdb",
    "data": [
      {
        "text": "i would like to remove something from my order",
        "userDefined": false
      }
    ],
    "isTemplate": false,
    "count": 0,
    "lang": "en",
    "updated": 0
  }
]