[
  {
    "id": "f23c92cb-90c5-4eb3-ace4-f2273b53109b",
    "data": [
      {
        "text": "i would like to collect my order",
        "userDefined": false
      }
    ],
    "isTemplate": false,
    "count": 0,
    "lang": "en",
    "updated": 0
  },
  {
    "id": "c19418bb-4982-43db-ba41-eec65ac0d70e",
    "data": [
      {
        "text": "i want to ",
        "userDefined": false
      },
      {
        "text": "pick up",
        "meta": "@order-type",
        "alias": "order-type",
        "userDefined": false
      },
      {
        "text": " at ",
        "userDefined": false
      },
      {
        "text": "2pm",
        "meta": "@sys.time",
        "alias": "time",
        "userDefined": true
      }
    ],
    "isTemplate": false,
    "count": 0,
    "lang": "en",
    "updated": 0
  },
  {
    "id": "e2c4db16-000d-4b7d-9e7c-29cd6c4db71d",
    "data": [
      {
        "text": "i want to ",
        "userDefined": false
      },
      {
        "text": "pickup",
        "meta": "@order-type",
        "alias": "order-type",
        "userDefined": false
      },
      {
        "text": " at ",
        "userDefined": false
      },
      {
        "text": "sst",
        "meta": "@venue-eating-out-chain",
        "alias": "venue-eating-out-chain",
        "userDefined": false
      }
    ],
    "isTemplate": false,
    "count": 0,
    "lang": "en",
    "updated": 0
  },
  {
    "id": "29c9a300-411d-4b44-a233-add9b0a36fda",
    "data": [
      {
        "text": "i want to ",
        "userDefined": false
      },
      {
        "text": "pick up",
        "meta": "@order-type",
        "alias": "order-type",
        "userDefined": false
      }
    ],
    "isTemplate": false,
    "count": 0,
    "lang": "en",
    "updated": 0
  },
  {
    "id": "30ca6281-4712-4c34-adeb-ec775b8aaf39",
    "data": [
      {
        "text": "i would like to ",
        "userDefined": false
      },
      {
        "text": "pickup",
        "meta": "@order-type",
        "alias": "order-type",
        "userDefined": false
      }
    ],
    "isTemplate": false,
    "count": 0,
    "lang": "en",
    "updated": 0
  },
  {
    "id": "a704bc79-90f2-4e86-83d0-b762b001ce19",
    "data": [
      {
        "text": "i would like to ",
        "userDefined": false
      },
      {
        "text": "pick up",
        "meta": "@order-type",
        "alias": "order-type",
        "userDefined": false
      }
    ],
    "isTemplate": false,
    "count": 0,
    "lang": "en",
    "updated": 0
  }
]