[
  {
    "id": "7cc990c2-9d97-425d-8464-8bf2ba9d3d62",
    "data": [
      {
        "text": "some ",
        "userDefined": false
      },
      {
        "text": "2",
        "meta": "@sys.number",
        "alias": "number",
        "userDefined": true
      },
      {
        "text": " portions of ",
        "userDefined": false
      },
      {
        "text": "beans",
        "meta": "@dish",
        "alias": "dish",
        "userDefined": false
      },
      {
        "text": " as well and ",
        "userDefined": false
      },
      {
        "text": "one",
        "meta": "@sys.number",
        "alias": "number1",
        "userDefined": true
      },
      {
        "text": " cup of ",
        "userDefined": false
      },
      {
        "text": "fanta",
        "meta": "@beverage-soft-drinks",
        "alias": "beverage-soft-drinks",
        "userDefined": true
      }
    ],
    "isTemplate": false,
    "count": 0,
    "lang": "en",
    "updated": 0
  },
  {
    "id": "0317bc74-dbc7-4e19-9e0a-00d05a5c53f0",
    "data": [
      {
        "text": "I\u0027d like to add ",
        "userDefined": false
      },
      {
        "text": "beef",
        "meta": "@dish",
        "alias": "dish",
        "userDefined": false
      }
    ],
    "isTemplate": false,
    "count": 0,
    "lang": "en",
    "updated": 0
  },
  {
    "id": "d4361e5f-f5fe-4833-9c10-7050a0345cf3",
    "data": [
      {
        "text": "can you add ",
        "userDefined": false
      },
      {
        "text": "beans",
        "meta": "@dish",
        "alias": "dish",
        "userDefined": false
      }
    ],
    "isTemplate": false,
    "count": 0,
    "lang": "en",
    "updated": 0
  },
  {
    "id": "0bb2b7e3-e4d4-4714-b488-42c730a5578d",
    "data": [
      {
        "text": "add ",
        "userDefined": false
      },
      {
        "text": "burger",
        "meta": "@dish",
        "alias": "dish",
        "userDefined": false
      },
      {
        "text": " and ",
        "userDefined": false
      },
      {
        "text": "fish",
        "meta": "@dish",
        "alias": "dish",
        "userDefined": false
      }
    ],
    "isTemplate": false,
    "count": 0,
    "lang": "en",
    "updated": 0
  },
  {
    "id": "2ea87d91-f42a-47fa-90c3-f2cd63a85f3d",
    "data": [
      {
        "text": "I need a ",
        "userDefined": false
      },
      {
        "text": "burger",
        "meta": "@dish",
        "alias": "dish",
        "userDefined": false
      },
      {
        "text": " as well",
        "userDefined": false
      }
    ],
    "isTemplate": false,
    "count": 0,
    "lang": "en",
    "updated": 0
  },
  {
    "id": "91669d89-5ad8-48b6-9636-d0f26565ca50",
    "data": [
      {
        "text": "another ",
        "userDefined": false
      },
      {
        "text": "salad",
        "meta": "@dish",
        "alias": "dish",
        "userDefined": false
      }
    ],
    "isTemplate": false,
    "count": 0,
    "lang": "en",
    "updated": 0
  },
  {
    "id": "15e15e23-2a63-49fc-a4d2-1f9535628893",
    "data": [
      {
        "text": "add ",
        "userDefined": false
      },
      {
        "text": "one",
        "meta": "@sys.number",
        "alias": "number",
        "userDefined": false
      },
      {
        "text": " more ",
        "userDefined": false
      },
      {
        "text": "portion",
        "meta": "@sys.ignore",
        "userDefined": false
      },
      {
        "text": " of ",
        "userDefined": false
      },
      {
        "text": "fried rice",
        "meta": "@dish",
        "alias": "dish",
        "userDefined": true
      }
    ],
    "isTemplate": false,
    "count": 0,
    "lang": "en",
    "updated": 0
  },
  {
    "id": "b8f9626a-033f-4954-bee3-c7b3d00f500b",
    "data": [
      {
        "text": "add another ",
        "userDefined": false
      },
      {
        "text": "burger",
        "meta": "@dish",
        "alias": "dish",
        "userDefined": false
      },
      {
        "text": " to my order",
        "userDefined": false
      }
    ],
    "isTemplate": false,
    "count": 0,
    "lang": "en",
    "updated": 0
  },
  {
    "id": "4830dfbc-1d55-4557-98a4-7a6b7c42c2f1",
    "data": [
      {
        "text": "add ",
        "userDefined": false
      },
      {
        "text": "3",
        "meta": "@sys.number",
        "alias": "number",
        "userDefined": false
      },
      {
        "text": " bugger and ",
        "userDefined": false
      },
      {
        "text": "one",
        "meta": "@sys.number",
        "alias": "number1",
        "userDefined": true
      },
      {
        "text": " ",
        "userDefined": false
      },
      {
        "text": "zobo",
        "meta": "@beverage-soft-drinks",
        "alias": "beverage-soft-drinks",
        "userDefined": false
      },
      {
        "text": " please",
        "userDefined": false
      }
    ],
    "isTemplate": false,
    "count": 0,
    "lang": "en",
    "updated": 0
  },
  {
    "id": "141a5faf-6066-4f7c-b2d5-89bca6f8a108",
    "data": [
      {
        "text": "I would like to order more food",
        "userDefined": false
      }
    ],
    "isTemplate": false,
    "count": 0,
    "lang": "en",
    "updated": 0
  }
]