[
  {
    "id": "70302179-31a6-4761-930f-b9830b022a45",
    "data": [
      {
        "text": "confirm",
        "userDefined": false
      }
    ],
    "isTemplate": false,
    "count": 0,
    "lang": "en",
    "updated": 0
  },
  {
    "id": "9a997175-50fd-4fd3-8a67-7d2a80a7d06f",
    "data": [
      {
        "text": "utility",
        "meta": "@venue-eating-out-chain",
        "alias": "venue-eating-out-chain",
        "userDefined": false
      },
      {
        "text": " at ",
        "userDefined": false
      },
      {
        "text": "3pm",
        "meta": "@sys.time",
        "alias": "time",
        "userDefined": true
      }
    ],
    "isTemplate": false,
    "count": 1,
    "lang": "en",
    "updated": 0
  },
  {
    "id": "b07730dc-b89b-4567-af62-5e5e3041aff8",
    "data": [
      {
        "text": "Delivery to ",
        "userDefined": false
      },
      {
        "text": "Utility",
        "meta": "@venue-eating-out-chain",
        "alias": "venue-eating-out-chain",
        "userDefined": false
      },
      {
        "text": " at ",
        "userDefined": false
      },
      {
        "text": "2pm",
        "meta": "@sys.time",
        "alias": "time",
        "userDefined": true
      }
    ],
    "isTemplate": false,
    "count": 0,
    "lang": "en",
    "updated": 0
  },
  {
    "id": "46d30c10-4524-4668-9ee4-7b0868ee22b3",
    "data": [
      {
        "text": "delivered",
        "meta": "@order-type",
        "alias": "order-type",
        "userDefined": false
      },
      {
        "text": " to ",
        "userDefined": false
      },
      {
        "text": "SST",
        "meta": "@venue-eating-out-chain",
        "alias": "venue-eating-out-chain",
        "userDefined": false
      }
    ],
    "isTemplate": false,
    "count": 0,
    "lang": "en",
    "updated": 0
  },
  {
    "id": "5dceb226-785f-4d89-beb3-8b382f19deb4",
    "data": [
      {
        "text": "deliver",
        "meta": "@order-type",
        "alias": "order-type",
        "userDefined": true
      },
      {
        "text": " at ",
        "userDefined": false
      },
      {
        "text": "10am",
        "meta": "@sys.time",
        "alias": "time",
        "userDefined": true
      }
    ],
    "isTemplate": false,
    "count": 0,
    "lang": "en",
    "updated": 0
  },
  {
    "id": "b2d6153e-5abc-49fe-9398-f3b724b3528e",
    "data": [
      {
        "text": "i would like my order ",
        "userDefined": false
      },
      {
        "text": "delivered",
        "meta": "@order-type",
        "alias": "order-type",
        "userDefined": false
      },
      {
        "text": " to ",
        "userDefined": false
      },
      {
        "text": "SST",
        "meta": "@venue-eating-out-chain",
        "alias": "venue-eating-out-chain",
        "userDefined": true
      },
      {
        "text": " at ",
        "userDefined": false
      },
      {
        "text": "1pm",
        "meta": "@sys.time",
        "alias": "time",
        "userDefined": true
      }
    ],
    "isTemplate": false,
    "count": 0,
    "lang": "en",
    "updated": 0
  }
]