[
  {
    "value": "apple juice",
    "synonyms": [
      "apple juice"
    ]
  },
  {
    "value": "black tea",
    "synonyms": [
      "black tea"
    ]
  },
  {
    "value": "milo",
    "synonyms": [
      "milo"
    ]
  },
  {
    "value": "zobo",
    "synonyms": [
      "zobo"
    ]
  },
  {
    "value": "brandy coffee",
    "synonyms": [
      "brandy coffee"
    ]
  },
  {
    "value": "caffè latte",
    "synonyms": [
      "caffè latte"
    ]
  },
  {
    "value": "caffè americano",
    "synonyms": [
      "caffè americano"
    ]
  },
  {
    "value": "café mocha",
    "synonyms": [
      "café mocha"
    ]
  },
  {
    "value": "cappuccino",
    "synonyms": [
      "cappuccino"
    ]
  },
  {
    "value": "coca cola",
    "synonyms": [
      "coca cola",
      "coke"
    ]
  },
  {
    "value": "chocolate milk",
    "synonyms": [
      "chocolate milk"
    ]
  },
  {
    "value": "coffee \u0026 tea",
    "synonyms": [
      "coffee \u0026 tea"
    ]
  },
  {
    "value": "coffee with milk",
    "synonyms": [
      "coffee with milk"
    ]
  },
  {
    "value": "cola",
    "synonyms": [
      "cola"
    ]
  },
  {
    "value": "diet coke",
    "synonyms": [
      "diet coke"
    ]
  },
  {
    "value": "drink",
    "synonyms": [
      "drink",
      "mineral"
    ]
  },
  {
    "value": "fanta",
    "synonyms": [
      "fanta"
    ]
  },
  {
    "value": "fruit juice",
    "synonyms": [
      "fruit juice",
      "juice"
    ]
  },
  {
    "value": "green iced tea",
    "synonyms": [
      "green iced tea"
    ]
  },
  {
    "value": "green tea",
    "synonyms": [
      "green tea"
    ]
  },
  {
    "value": "hot chocolate",
    "synonyms": [
      "hot chocolate"
    ]
  },
  {
    "value": "icetea",
    "synonyms": [
      "icetea"
    ]
  },
  {
    "value": "latte",
    "synonyms": [
      "latte"
    ]
  },
  {
    "value": "latte macchiato",
    "synonyms": [
      "latte macchiato"
    ]
  },
  {
    "value": "lemonade",
    "synonyms": [
      "lemonade"
    ]
  },
  {
    "value": "low alcohol beer",
    "synonyms": [
      "low alcohol beer"
    ]
  }
]