[
  {
    "value": "Barbecue",
    "synonyms": [
      "Barbecue",
      "barbeque"
    ]
  },
  {
    "value": "Burrito",
    "synonyms": [
      "Burrito"
    ]
  },
  {
    "value": "Carne asada",
    "synonyms": [
      "Carne asada"
    ]
  },
  {
    "value": "Fish Chips",
    "synonyms": [
      "Fish Chips"
    ]
  },
  {
    "value": "Fish",
    "synonyms": [
      "Fish"
    ]
  },
  {
    "value": "Mini Wheats",
    "synonyms": [
      "Mini Wheats"
    ]
  },
  {
    "value": "beef",
    "synonyms": [
      "beef",
      "meat"
    ]
  },
  {
    "value": "bread",
    "synonyms": [
      "bread"
    ]
  },
  {
    "value": "burger",
    "synonyms": [
      "burger"
    ]
  },
  {
    "value": "cake",
    "synonyms": [
      "cake"
    ]
  },
  {
    "value": "doughnut",
    "synonyms": [
      "doughnut",
      "donut"
    ]
  },
  {
    "value": "egg",
    "synonyms": [
      "egg"
    ]
  },
  {
    "value": "chicken",
    "synonyms": [
      "chicken"
    ]
  },
  {
    "value": "wings",
    "synonyms": [
      "wings"
    ]
  },
  {
    "value": "hot dog",
    "synonyms": [
      "hot dog"
    ]
  },
  {
    "value": "coconut rice",
    "synonyms": [
      "coconut rice"
    ]
  },
  {
    "value": "savoury rice",
    "synonyms": [
      "savoury rice"
    ]
  },
  {
    "value": "jollof spaghetti",
    "synonyms": [
      "jollof spaghetti"
    ]
  },
  {
    "value": "fried plantain",
    "synonyms": [
      "fried plantain"
    ]
  },
  {
    "value": "salad",
    "synonyms": [
      "salad"
    ]
  },
  {
    "value": "saute irish potatoes",
    "synonyms": [
      "saute irish potatoes"
    ]
  },
  {
    "value": "savoury beans",
    "synonyms": [
      "savoury beans",
      "beans"
    ]
  },
  {
    "value": "boiled yam",
    "synonyms": [
      "boiled yam"
    ]
  },
  {
    "value": "bitter leaf soup",
    "synonyms": [
      "bitter leaf soup"
    ]
  },
  {
    "value": "eba",
    "synonyms": [
      "eba"
    ]
  },
  {
    "value": "pounded yam",
    "synonyms": [
      "pounded yam",
      "poundo"
    ]
  },
  {
    "value": "semovita",
    "synonyms": [
      "semovita",
      "semo"
    ]
  },
  {
    "value": "jollof macaroni",
    "synonyms": [
      "jollof spaghetti"
    ]
  },
  {
    "value": "yamarita",
    "synonyms": [
      "yamarita"
    ]
  },
  {
    "value": "nsala soup",
    "synonyms": [
      "nsala soup"
    ]
  },
  {
    "value": "egusi soup",
    "synonyms": [
      "egusi soup"
    ]
  },
  {
    "value": "oha soup",
    "synonyms": [
      "oha soup"
    ]
  },
  {
    "value": "rice",
    "synonyms": [
      "rice"
    ]
  },
  {
    "value": "none",
    "synonyms": [
      "none"
    ]
  },
  {
    "value": "no food",
    "synonyms": [
      "no food"
    ]
  },
  {
    "value": "no",
    "synonyms": [
      "no"
    ]
  }
]